,2021 Rank,Municipality,Designation[8],Primary County,Secondary County(ies),Population,Population,Population,Population
,2021 Rank,Municipality,Designation[8],Primary County,Secondary County(ies),2021 Estimate[8],2020 Census[1],2010 Census[9],2010-2020 Change
0,1,Houston,City,Harris,"Fort Bend, Montgomery",2288250,2304580,2099451,+9.77%
1,2,San Antonio,City,Bexar,"Medina, Comal",1451853,1434625,1327407,+8.08%
2,3,Dallas,City,Dallas,"Rockwall, Kaufman, Denton, Collin",1288457,1304379,1197816,+8.90%
3,4,Austin,City,Travis,"Williamson, Hays",964177,961855,790390,+21.69%
4,5,Fort Worth,City,Tarrant,"Denton, Parker, Wise",935508,918915,741206,+23.98%
5,6,El Paso,City,El Paso,,678415,678815,649121,+4.57%
6,7,Arlington,City,Tarrant,,392786,394266,365438,+7.89%
7,8,Corpus Christi,City,Nueces,"San Patricio, Aransas, Kleberg",317773,317863,305215,+4.14%
8,9,Plano,City,Collin,Denton,288253,285494,259841,+9.87%
9,10,Lubbock,City,Lubbock,,260993,257141,229573,+12.01%
10,11,Laredo,City,Webb,,256153,255205,236091,+8.10%
11,12,Irving,City,Dallas,,254198,256684,216290,+18.68%
12,13,Garland,City,Dallas,Collin,242035,246018,226876,+8.44%
13,14,Frisco,City,Collin,Denton,210719,200509,116989,+71.39%
14,15,McKinney,City,Collin,,202690,195308,131117,+48.96%
15,16,Amarillo,City,Potter,Randall,201234,200393,190695,+5.09%
16,17,Grand Prairie,City,Dallas,"Ellis, Tarrant",197347,196100,175396,+11.80%
17,18,Brownsville,City,Cameron,,187831,186738,175023,+6.69%
18,19,Killeen,City,Bell,,156261,153095,127921,+19.68%
19,20,Pasadena,City,Harris,,148626,151950,149043,+1.95%
20,21,Denton,City,Denton,,148146,139869,113383,+23.36%
21,22,Mesquite,City,Dallas,Kaufman,147691,150108,139824,+7.35%
22,23,McAllen,City,Hidalgo,,143920,142210,129877,+9.50%
23,24,Waco,City,McLennan,,139594,138486,124805,+10.96%
24,25,Carrollton,City,Dallas,"Denton, Collin",133251,133434,119097,+12.04%
25,26,Midland,City,Midland,Martin,131325,132524,111147,+19.23%
26,27,Pearland,City,Brazoria,"Fort Bend, Harris",125990,125828,91252,+37.89%
27,28,Abilene,City,Taylor,Jones,125070,125182,117063,+6.94%
28,29,Round Rock,City,Williamson,,123876,119468,99887,+19.60%
29,30,College Station,City,Brazos,,120019,120511,93857,+28.40%
30,31,Richardson,City,Dallas,Collin,116382,119469,99223,+20.40%
31,32,League City,City,Galveston,Harris,115595,114392,83560,+36.90%
32,33,Lewisville,City,Denton,,112944,111822,95290,+17.35%
33,34,Beaumont,City,Jefferson,,112556,115282,118296,−2.55%
34,35,Odessa,City,Ector,Midland,112483,114428,99940,+14.50%
35,36,Sugar Land,City,Fort Bend,,109373,111026,78817,+40.87%
36,37,Tyler,City,Smith,,107192,105995,96900,+9.39%
37,38,Allen,City,Collin,,106874,104627,84246,+24.19%
38,39,Wichita Falls,City,Wichita,,102988,102316,104553,−2.14%
39,40,Edinburg,City,Hidalgo,,102483,100243,77100,+30.02%
40,41,San Angelo,City,Tom Green,,99667,99893,93200,+7.18%
41,42,New Braunfels,City,Comal,Guadalupe,98857,90403,57740,+56.57%
42,43,Conroe,City,Montgomery,,94400,89956,56207,+60.04%
43,44,Bryan,City,Brazos,,86866,83980,76201,+10.21%
44,45,Mission,City,Hidalgo,,86223,85778,77058,+11.32%
45,46,Temple,City,Bell,,85416,82073,66102,+24.16%
46,47,Baytown,City,Harris,Chambers,82480,83701,71802,+16.57%
47,48,Longview,City,Gregg,Harrison,81762,81638,80455,+1.47%
48,49,Pharr,City,Hidalgo,,79697,79715,70400,+13.23%
49,50,Cedar Park,City,Williamson,Travis,78693,77595,48937,+58.56%
50,51,Flower Mound,Town,Denton,Tarrant,77243,75956,64669,+17.45%
51,52,Georgetown,City,Williamson,,75420,67176,47400,+41.72%
52,53,Missouri City,City,Fort Bend,Harris,74850,74259,67358,+10.25%
53,54,Mansfield,City,Tarrant,"Ellis, Johnson",74368,72602,56368,+28.80%
54,55,Harlingen,City,Cameron,,71925,71829,64849,+10.76%
55,56,North Richland Hills,City,Tarrant,,70209,69917,63343,+10.38%
56,57,San Marcos,City,Hays,"Caldwell, Guadalupe",68580,67553,44894,+50.47%
57,58,Leander,City,Williamson,Travis,67124,59202,26521,+123.23%
58,59,Pflugerville,City,Travis,Williamson,66884,65191,46936,+38.89%
59,60,Victoria,City,Victoria,,65377,65534,62592,+4.70%
60,61,Rowlett,City,Dallas,Rockwall,63671,62535,56199,+11.27%
61,62,Euless,City,Tarrant,,60500,61032,51277,+19.02%
62,63,Wylie,City,Collin,"Dallas, Rockwall",59394,57526,41427,+38.86%
63,64,DeSoto,City,Dallas,,55729,56145,49047,+14.47%
64,65,Port Arthur,City,Jefferson,,55724,56039,53818,+4.13%
65,66,Texas City,City,Galveston,,54247,51898,45099,+15.08%
66,67,Galveston,City,Galveston,,53219,53695,47743,+12.47%
67,68,Kyle,City,Hays,,51789,45697,28016,+63.11%
68,69,Burleson,City,Johnson,Tarrant,51618,47641,36690,+29.85%
69,70,Little Elm,City,Denton,,51042,46453,25898,+79.37%
70,71,Grapevine,City,Tarrant,"Dallas, Denton",50872,50631,46334,+9.27%
71,72,Rockwall,City,Rockwall,,49669,47251,37490,+26.04%
72,73,Bedford,City,Tarrant,,49187,49928,46979,+6.28%
73,74,Cedar Hill,City,Dallas,Ellis,48557,49148,45028,+9.15%
74,75,Huntsville,City,Walker,,46288,45941,38548,+19.18%
75,76,Haltom City,City,Tarrant,,45746,46073,42409,+8.64%
76,77,Keller,City,Tarrant,,45397,45776,39627,+15.52%
77,78,The Colony,City,Denton,,45000,44534,36328,+22.59%
78,79,Sherman,City,Grayson,,44873,43645,38521,+13.30%
79,80,Waxahachie,City,Ellis,,43368,41140,29621,+38.89%
80,81,Schertz,City,Guadalupe,"Bexar, Comal",42622,42002,31465,+33.49%
81,82,Coppell,City,Dallas,Denton,42221,42983,38659,+11.18%
82,83,Weslaco,City,Hidalgo,,41024,40160,35670,+12.59%
83,84,Friendswood,City,Galveston,Harris,41004,41213,35805,+15.10%
84,85,Lancaster,City,Dallas,,40728,41275,36361,+13.51%
85,86,Hurst,City,Tarrant,,40055,40413,37337,+8.24%
86,87,Duncanville,City,Dallas,,39797,40706,38524,+5.66%
87,88,Rosenberg,City,Fort Bend,,39468,38282,30618,+25.03%
88,89,Midlothian,City,Ellis,,37053,35125,18037,+94.74%
89,90,Copperas Cove,City,Coryell,"Bell, Lampasas",37041,36670,32032,+14.48%
90,91,Farmers Branch,City,Dallas,,36442,35991,28616,+25.77%
91,92,Socorro,City,El Paso,,36236,34306,32013,+7.16%
92,93,Texarkana,City,Bowie,,36017,36193,36411,−0.60%
93,94,La Porte,City,Harris,,35964,35124,33800,+3.92%
94,95,San Juan,City,Hidalgo,,35577,35294,33856,+4.25%
95,96,Del Rio,City,Val Verde,,34584,34673,35591,−2.58%
96,97,Prosper,Town,Collin,Denton,34136,30174,9423,+220.22%
97,98,Lufkin,City,Angelina,,34074,34143,35067,−2.63%
98,99,Weatherford,City,Parker,,33710,30854,25250,+22.19%
99,100,Deer Park,City,Harris,,33676,34495,32010,+7.76%
100,101,Harker Heights,City,Bell,,33560,33097,26700,+23.96%
101,102,Cibolo,City,Guadalupe,,33475,32276,15349,+110.28%
102,103,Nacogdoches,City,Nacogdoches,,32118,32147,32996,−2.57%
103,104,Cleburne,City,Johnson,,31999,31352,29337,+6.87%
104,105,Southlake,City,Tarrant,Denton,31105,31265,26575,+17.65%
105,106,Seguin,City,Guadalupe,,30902,29433,25175,+16.91%
106,107,Hutto,City,Williamson,,30855,27577,14698,+87.62%
107,108,Greenville,City,Hunt,,29578,28164,25557,+10.20%
108,109,Sachse,City,Dallas,Collin,29042,27103,20329,+33.32%
109,110,Converse,City,Bexar,,28643,27466,18198,+50.93%
110,111,Eagle Pass,City,Maverick,,28596,28130,26248,+7.17%
111,112,Lake Jackson,City,Brazoria,,27879,28177,26849,+4.95%
112,113,Alvin,City,Brazoria,,27576,27098,24236,+11.81%
113,114,Forney,City,Kaufman,,27256,23455,14661,+59.98%
114,115,Balch Springs,City,Dallas,,27160,27685,23728,+16.68%
115,116,Colleyville,City,Tarrant,,25986,26057,22807,+14.25%
116,117,Big Spring,City,Howard,,25735,26144,27282,−4.17%
117,118,Corsicana,City,Navarro,,25203,25109,23770,+5.63%
118,119,Denison,City,Grayson,,25179,24479,22682,+7.92%
119,120,Fulshear,City,Fort Bend,,25169,16856,1134,"+1,386.42%"
120,121,Kingsville,City,Kleberg,,25069,25402,26213,−3.09%
121,122,University Park,City,Dallas,,24849,25278,23068,+9.58%
122,123,San Benito,City,Cameron,,24780,24861,24250,+2.52%
123,124,Benbrook,City,Tarrant,,24605,24520,21234,+15.48%
124,125,Kerrville,City,Kerr,,24477,24278,22347,+8.64%
125,126,Paris,City,Lamar,,24407,24476,25171,−2.76%
126,127,Saginaw,City,Tarrant,,24011,23890,19806,+20.62%
127,128,Katy,City,Harris,"Fort Bend, Waller",24005,21894,14102,+55.25%
128,129,Belton,City,Bell,,23845,23054,18216,+26.56%
129,130,Celina,City,Collin,Denton,23811,16739,6028,+177.69%
130,131,Watauga,City,Tarrant,,23313,23650,23497,+0.65%
131,132,Horizon City,City,El Paso,,23162,22489,16735,+34.38%
132,133,Corinth,City,Denton,,22690,22634,19935,+13.54%
133,134,Marshall,City,Harrison,,22662,23392,23523,−0.56%
134,135,Dickinson,City,Galveston,,21697,20847,18680,+11.60%
135,136,Murphy,City,Collin,,21219,21013,17708,+18.66%
136,137,Ennis,City,Ellis,,21210,20159,18513,+8.89%
137,138,Stephenville,City,Erath,,21199,20897,17123,+22.04%
138,139,Fate,City,Rockwall,,21013,17958,6357,+182.49%
139,140,Portland,City,San Patricio,Nueces,20536,20383,15099,+35.00%
140,141,Anna,City,Collin,,20243,16896,8249,+104.82%
141,142,Princeton,City,Collin,,20046,17027,6807,+150.14%
142,143,Alamo,City,Hidalgo,,20017,19493,18353,+6.21%
143,144,Universal City,City,Bexar,Guadalupe,19808,19720,18530,+6.42%
144,145,Plainview,City,Hale,,19739,20187,22194,−9.04%
145,146,Angleton,City,Brazoria,,19401,19429,18862,+3.01%
146,147,Crowley,City,Tarrant,Johnson,19333,18070,12838,+40.75%
147,148,Lakeway,City,Travis,,19300,19189,11391,+68.46%
148,149,Orange,City,Orange,,19169,19324,18595,+3.92%
149,150,Boerne,City,Kendall,,19109,17850,10471,+70.47%
150,151,Alton,City,Hidalgo,,18860,18198,12341,+47.46%
151,152,Seagoville,City,Dallas,Kaufman,18805,18446,14835,+24.34%
152,153,Brownwood,City,Brown,,18770,18862,19288,−2.21%
153,154,Palestine,City,Anderson,,18756,18544,18712,−0.90%
154,155,La Marque,City,Galveston,,18697,18030,14509,+24.27%
155,156,Terrell,City,Kaufman,,18567,17465,15816,+10.43%
156,157,Nederland,City,Jefferson,,18331,18856,17547,+7.46%
157,158,Manor,City,Travis,,18285,13652,5037,+171.03%
158,159,Brenham,City,Washington,,18117,17369,15716,+10.52%
159,160,White Settlement,City,Tarrant,,18084,18269,16116,+13.36%
160,161,Bay City,City,Matagorda,,17882,18061,17614,+2.54%
161,162,Alice,City,Jim Wells,,17761,17891,19104,−6.35%
162,163,Gainesville,City,Cooke,,17576,17394,16002,+8.70%
163,164,Stafford,City,Fort Bend,Harris,17364,17666,17693,−0.15%
164,165,Glenn Heights,City,Dallas,Ellis,17127,15819,11278,+40.26%
165,166,Addison,Town,Dallas,,17012,16661,13056,+27.61%
166,167,Bellaire,City,Harris,,16983,17202,16855,+2.06%
167,167,Melissa,City,Collin,,16983,13901,4695,+196.08%
168,169,Groves,City,Jefferson,,16915,17335,16144,+7.38%
169,170,Gatesville,City,Coryell,,16854,16135,15751,+2.44%
170,171,Donna,City,Hidalgo,,16821,16797,15798,+6.32%
171,172,Taylor,City,Williamson,,16807,16267,15191,+7.08%
172,173,Pampa,City,Gray,,16474,16867,17994,−6.26%
173,174,Humble,City,Harris,,16396,16795,15133,+10.98%
174,175,Mercedes,City,Hidalgo,,16312,16258,15570,+4.42%
175,176,Hewitt,City,McLennan,,16131,16026,13549,+18.28%
176,177,Mount Pleasant,City,Titus,,16079,16047,15564,+3.10%
177,178,Sulphur Springs,City,Hopkins,,15995,15941,15449,+3.18%
178,179,Royse City,City,Rockwall,"Collin, Hunt",15978,13508,9349,+44.49%
179,180,Highland Village,City,Denton,,15952,15899,15056,+5.60%
180,181,Palmview,City,Hidalgo,,15884,15830,5460,+189.93%
181,182,South Houston,City,Harris,,15878,16153,16983,−4.89%
182,183,Live Oak,City,Bexar,,15840,15781,13131,+20.18%
183,184,Rio Grande City,City,Starr,,15670,15317,13834,+10.72%
184,185,Buda,City,Hays,,15643,15108,7295,+107.10%
185,186,Red Oak,City,Ellis,,15364,14222,10769,+32.06%
186,187,Uvalde,City,Uvalde,,15312,15217,15751,−3.39%
187,188,Canyon,City,Randall,,15221,14836,13303,+11.52%
188,189,Mineral Wells,City,Palo Pinto,Parker,14902,14820,16788,−11.72%
189,190,Lockhart,City,Caldwell,,14844,14379,12698,+13.24%
190,191,Hereford,City,Deaf Smith,,14779,14972,15370,−2.59%
191,192,West University Place,City,Harris,,14724,14955,14787,+1.14%
192,193,Dumas,City,Moore,,14290,14501,14691,−1.29%
193,194,Hidalgo,City,Hidalgo,,14239,13964,11198,+24.70%
194,195,Jacksonville,City,Cherokee,,14074,13997,14544,−3.76%
195,196,Forest Hill,City,Tarrant,,13818,13955,12355,+12.95%
196,197,Lumberton,City,Hardin,,13802,13554,11943,+13.49%
197,198,Trophy Club,Town,Denton,Tarrant,13745,13688,8024,+70.59%
198,199,Beeville,City,Bee,,13641,13669,12863,+6.27%
199,200,Seabrook,City,Harris,Chambers,13560,13618,11952,+13.94%
200,201,Azle,City,Tarrant,Parker,13518,13369,10947,+22.12%
201,202,Henderson,City,Rusk,,13502,13271,13712,−3.22%
202,203,Port Neches,City,Jefferson,,13416,13692,13040,+5.00%
203,204,Kilgore,City,Gregg,Rusk,13383,13376,12975,+3.09%
204,205,Andrews,City,Andrews,,13370,13487,11088,+21.64%
205,206,Athens,City,Henderson,,12890,12857,12710,+1.16%
206,207,Tomball,City,Harris,,12810,12341,10753,+14.77%
207,208,Santa Fe,City,Galveston,,12783,12735,12222,+4.20%
208,209,Robinson,City,McLennan,,12755,12443,10509,+18.40%
209,210,Pecos,City,Reeves,,12673,12916,8780,+47.11%
210,211,Levelland,City,Hockley,,12665,12652,13542,−6.57%
211,212,Borger,City,Hutchinson,,12419,12551,13251,−5.28%
212,213,Manvel,City,Brazoria,,12355,9992,5179,+92.93%
213,214,El Campo,City,Wharton,,12290,12350,11602,+6.45%
214,215,Richmond,City,Fort Bend,,12233,11627,11679,−0.45%
215,216,Webster,City,Harris,,12193,12499,10400,+20.18%
216,217,Selma,City,Guadalupe,"Bexar, Comal",11619,10952,5540,+97.69%
217,218,Roma,City,Starr,,11505,11561,9765,+18.39%
218,219,Leon Valley,City,Bexar,,11463,11542,10151,+13.70%
219,220,Granbury,City,Hood,,11424,10958,7978,+37.35%
220,221,Snyder,City,Scurry,,11264,11438,11202,+2.11%
221,222,Port Lavaca,City,Calhoun,,11259,11557,12248,−5.64%
222,223,Fredericksburg,City,Gillespie,,11072,10875,10530,+3.28%
223,224,Burkburnett,City,Wichita,,10975,10939,10811,+1.18%
224,225,Iowa Colony,Village,Brazoria,,10883,8154,1170,+596.92%
225,226,Pleasanton,City,Atascosa,,10780,10648,8934,+19.19%
226,227,Fairview,Town,Collin,,10683,10372,7248,+43.10%
227,228,Freeport,City,Brazoria,,10594,10696,12049,−11.23%
228,229,Clute,City,Brazoria,,10593,10604,11211,−5.41%
229,230,Bellmead,City,McLennan,,10575,10494,9901,+5.99%
230,231,Bonham,City,Fannin,,10559,10408,10127,+2.77%
231,232,Elgin,City,Bastrop,Travis,10549,9784,8135,+20.27%
232,233,Sweetwater,City,Nolan,,10513,10622,10906,−2.60%
233,234,Raymondville,City,Willacy,,10510,10236,11284,−9.29%
234,235,Fair Oaks Ranch,City,Bexar,"Comal, Kendall",10505,9833,5986,+64.27%
235,236,Galena Park,City,Harris,,10461,10740,10887,−1.35%
236,237,Rockport,City,Aransas,,10436,10070,8766,+14.88%
237,238,Bastrop,City,Bastrop,,10434,9688,7218,+34.22%
238,239,Heath,City,Rockwall,Kaufman,10266,9769,6921,+41.15%
239,240,Robstown,City,Nueces,,10157,10143,11487,−11.70%
240,241,San Elizario[b],City,El Paso,,10093,10116,-,-
241,242,Vernon,City,Wilbarger,,10045,10078,11002,−8.40%
242,243,Ingleside,City,San Patricio,Nueces,9898,9519,9387,+1.41%
243,244,Roanoke,City,Denton,,9878,9665,5962,+62.11%
244,245,Vidor,City,Orange,,9712,9789,10579,−7.47%
245,246,Bridge City,City,Orange,,9519,9546,7840,+21.76%
246,247,Woodway,City,McLennan,,9474,9383,8452,+11.02%
247,248,Sanger,City,Denton,,9380,8839,6916,+27.81%
248,249,Jacinto City,City,Harris,,9378,9613,10553,−8.91%
249,250,Lago Vista,City,Travis,,9348,8896,6041,+47.26%
250,251,Helotes,City,Bexar,,9178,9030,7341,+23.01%
251,252,Dayton,City,Liberty,,9134,8777,7242,+21.20%
252,253,Bee Cave,City,Travis,,9028,9144,3925,+132.97%
253,254,Brownfield,City,Terry,,8916,8936,9657,−7.47%
254,255,Commerce,City,Hunt,,8828,9090,8078,+12.53%
255,256,Graham,City,Young,,8765,8732,8903,−1.92%
256,257,Lamesa,City,Dawson,,8751,8674,9422,−7.94%
257,258,Highland Park,Town,Dallas,,8747,8864,8564,+3.50%
258,259,Whitehouse,City,Smith,,8734,8257,7660,+7.79%
259,260,Wharton,City,Wharton,,8589,8627,8832,−2.32%
260,261,Liberty,City,Liberty,,8539,8279,8397,−1.41%
261,262,Richland Hills,City,Tarrant,,8484,8621,7801,+10.51%
262,263,Kennedale,City,Tarrant,,8463,8517,6763,+25.94%
263,264,Fort Stockton,City,Pecos,,8423,8466,8283,+2.21%
264,265,Hondo,City,Medina,,8387,8289,8803,−5.84%
265,266,Dalhart,City,Dallam,Hartley,8347,8447,7930,+6.52%
266,267,Mont Belvieu,City,Chambers,Liberty,8337,7654,3835,+99.58%
267,268,Hillsboro,City,Hill,,8305,8221,8456,−2.78%
268,269,Perryton,City,Ochiltree,,8289,8492,8802,−3.52%
269,270,Cuero,City,DeWitt,,8235,8128,6841,+18.81%
270,271,Los Fresnos,City,Cameron,,8152,8114,5542,+46.41%
271,272,Kirby,City,Bexar,,8100,8142,8000,+1.77%
272,273,Joshua,City,Johnson,,8098,7891,5910,+33.52%
273,274,Navasota,City,Grimes,,8068,7643,7049,+8.43%
274,275,Sunnyvale,Town,Dallas,,8062,7893,5130,+53.86%
275,276,Lucas,City,Collin,,8029,7612,5166,+47.35%
276,277,Aransas Pass,City,Nueces,"Aransas, San Patricio",8011,7941,8204,−3.21%
277,278,Cleveland,City,Liberty,,7999,7471,7675,−2.66%
278,279,Providence Village[b],Town,Denton,,7812,7691,-,-
279,280,Jersey Village,City,Harris,,7731,7921,7620,+3.95%
280,281,Lake Dallas,City,Denton,,7722,7708,7105,+8.49%
281,282,Pearsall,City,Frio,,7637,7325,9146,−19.91%
282,283,Floresville,City,Wilson,,7554,7203,6448,+11.71%
283,284,River Oaks,City,Tarrant,,7524,7646,7427,+2.95%
284,285,Lampasas,City,Lampasas,,7517,7291,6681,+9.13%
285,286,Monahans,City,Ward,Winkler,7498,7836,6953,+12.70%
286,287,Hitchcock,City,Galveston,,7408,7301,6961,+4.88%
287,288,Alamo Heights,City,Bexar,,7392,7357,7031,+4.64%
288,289,Kaufman,City,Kaufman,,7379,6797,6703,+1.40%
289,290,Jasper,City,Jasper,,7285,6884,7590,−9.30%
290,291,Marble Falls,City,Burnet,,7227,7037,6077,+15.80%
291,292,Gonzales,City,Gonzales,,7098,7165,7237,−0.99%
292,293,Lacy-Lakeview,City,McLennan,,7090,6988,6489,+7.69%
293,294,Seminole,City,Gaines,,7026,6988,6430,+8.68%
294,295,Mexia,City,Limestone,,6876,6893,7459,−7.59%
295,296,Decatur,City,Wise,,6875,6538,6042,+8.21%
296,297,Silsbee,City,Hardin,,6851,6935,6611,+4.90%
297,298,Prairie View,City,Waller,,6843,8184,5576,+46.77%
298,299,Northlake,Town,Denton,,6829,5201,1724,+201.68%
299,300,La Feria,City,Cameron,,6814,6817,7302,−6.64%
300,301,Liberty Hill,City,Williamson,,6801,3646,967,+277.04%
301,302,Sealy,City,Austin,,6775,6839,6019,+13.62%
302,303,Willis,City,Montgomery,,6710,6431,5662,+13.58%
303,304,Burnet,City,Burnet,,6676,6436,5987,+7.50%
304,305,Iowa Park,City,Wichita,,6547,6535,6355,+2.83%
305,306,Carthage,City,Panola,,6533,6569,6779,−3.10%
306,307,Aubrey,City,Denton,,6490,5006,2595,+92.91%
307,308,Crockett,City,Houston,,6406,6332,6950,−8.89%
308,309,Peñitas,City,Hidalgo,,6399,6460,4403,+46.72%
309,310,Gun Barrel City,City,Henderson,,6378,6190,5672,+9.13%
310,311,Keene,City,Johnson,,6346,6387,6106,+4.60%
311,312,Crystal City,City,Zavala,,6335,6354,7138,−10.98%
312,313,Lindale,City,Smith,,6313,6059,4818,+25.76%
313,314,Nolanville,City,Bell,,6249,5917,4259,+38.93%
314,315,White Oak,City,Gregg,,6169,6225,6469,−3.77%
315,316,Gladewater,City,Gregg,Upshur,6137,6134,6441,−4.77%
316,317,Everman,City,Tarrant,,6067,6154,6108,+0.75%
317,318,Hempstead,City,Waller,,6028,5430,5770,−5.89%
318,319,Kermit,City,Winkler,,6016,6267,5708,+9.79%
319,320,Wolfforth,City,Lubbock,,6008,5521,3670,+50.44%
320,321,Bulverde,City,Comal,,5996,5692,4630,+22.94%
321,322,Bridgeport,City,Wise,,5972,5923,5976,−0.89%
322,323,Edna,City,Jackson,,5944,5987,5499,+8.87%
323,324,Yoakum,City,Lavaca,DeWitt,5923,5908,5815,+1.60%
324,325,Wake Village,City,Bowie,,5897,5945,5492,+8.25%
325,326,Littlefield,City,Lamb,,5871,5943,6372,−6.73%
326,327,Childress,City,Childress,,5844,5737,6105,−6.03%
327,328,Parker,City,Collin,,5833,5462,3811,+43.32%
328,329,Livingston,Town,Polk,,5829,5640,5335,+5.72%
329,330,Windcrest,City,Bexar,,5828,5865,5364,+9.34%
330,331,Krum,City,Denton,,5823,5483,4157,+31.90%
331,332,Alpine,City,Brewster,,5815,6035,5905,+2.20%
332,333,Slaton,City,Lubbock,,5811,5858,6121,−4.30%
333,334,Dripping Springs,City,Hays,,5787,4650,1788,+160.07%
334,335,Venus,Town,Johnson,Ellis,5727,4361,2960,+47.33%
335,336,Elsa,City,Hidalgo,,5680,5668,5660,+0.14%
336,337,Hutchins,City,Dallas,,5566,5607,5338,+5.04%
337,338,Sinton,City,San Patricio,,5562,5504,5665,−2.84%
338,339,Oak Point,City,Denton,,5557,4357,2786,+56.39%
339,340,Marlin,City,Falls,,5543,5462,5967,−8.46%
340,341,Rusk,City,Cherokee,,5537,5285,5551,−4.79%
341,342,Bowie,City,Montague,,5534,5448,5218,+4.41%
342,343,McGregor,City,McLennan,Coryell,5522,5321,4987,+6.70%
343,344,Luling,City,Caldwell,Guadalupe,5518,5599,5411,+3.47%
344,345,Brookshire,City,Waller,,5501,5066,4702,+7.74%
345,346,Atlanta,City,Cass,,5409,5433,5675,−4.26%
346,347,Rockdale,City,Milam,,5398,5323,5595,−4.86%
347,348,Sansom Park,City,Tarrant,,5388,5454,4686,+16.39%
348,349,Aledo,City,Parker,,5380,4858,2716,+78.87%
349,350,Cameron,City,Milam,,5352,5306,5552,−4.43%
350,351,Lavon,City,Collin,,5342,4469,2219,+101.40%
351,352,Wilmer,City,Dallas,,5332,4974,3682,+35.09%
352,353,Primera,Town,Cameron,,5303,5257,4070,+29.16%
353,354,Breckenridge,City,Stephens,,5244,5187,5780,−10.26%
354,354,Hickory Creek,Town,Denton,,5244,4718,3247,+45.30%
355,356,Granite Shoals,City,Burnet,,5222,5129,4910,+4.46%
356,357,Nassau Bay,City,Harris,,5213,5347,4002,+33.61%
357,358,Willow Park,City,Parker,,5194,4936,3982,+23.96%
358,359,Van Alstyne,City,Grayson,Collin,5165,4369,3046,+43.43%
359,360,Center,City,Shelby,,5133,5221,5193,+0.54%
360,360,Sandy Oaks[b],City,Bexar,,5133,5075,-,-
361,362,Alvarado,City,Johnson,,5111,4739,3785,+25.20%
362,363,Port Isabel,City,Cameron,,5094,5028,5006,+0.44%
363,364,Muleshoe,City,Bailey,,5090,5160,5158,+0.04%
364,365,Giddings,City,Lee,,5067,4969,4881,+1.80%
365,366,Terrell Hills,City,Bexar,,5037,5045,4878,+3.42%
366,367,Brady,City,McCulloch,,5032,5118,5528,−7.42%
367,368,Justin,City,Denton,,5031,4409,3246,+35.83%
368,369,Hudson,City,Angelina,,4986,4849,4731,+2.49%
369,370,Mineola,City,Wood,,4949,4823,4515,+6.82%
370,371,Progreso,City,Hidalgo,,4904,4807,5507,−12.71%
371,372,Gilmer,City,Upshur,,4894,4843,4905,−1.26%
372,373,Carrizo Springs,City,Dimmit,,4833,4892,5368,−8.87%
373,374,Post,City,Garza,,4791,4790,5376,−10.90%
374,375,Falfurrias,City,Brooks,,4787,4609,4981,−7.47%
375,376,Richwood,City,Brazoria,,4761,4781,3510,+36.21%
376,377,Morgan's Point Resort,City,Bell,,4713,4636,4170,+11.18%
377,378,Argyle,City,Denton,,4707,4403,3282,+34.16%
378,379,Lake Worth,City,Tarrant,,4674,4711,4584,+2.77%
379,380,Meadows Place,City,Fort Bend,,4671,4767,4660,+2.30%
380,381,Pilot Point,City,Denton,,4651,4381,3856,+13.62%
381,382,La Joya,City,Hidalgo,,4587,4457,3985,+11.84%
382,383,New Boston,City,Bowie,,4579,4612,4550,+1.36%
383,384,Josephine,City,Collin,Hunt,4565,2119,812,+160.96%
384,384,Madisonville,City,Madison,,4565,4420,4396,+0.55%
385,386,Mabank,Town,Kaufman,Henderson,4562,4050,3035,+33.44%
386,387,Hearne,City,Robertson,,4531,4544,4459,+1.91%
387,388,Hallsville,City,Harrison,,4528,4277,3577,+19.57%
388,389,Horseshoe Bay,City,Burnet,Llano,4490,4257,3418,+24.55%
389,390,Tulia,City,Swisher,,4474,4473,4967,−9.95%
390,391,Diboll,City,Angelina,,4449,4457,4776,−6.68%
391,392,La Grange,City,Fayette,,4423,4391,4641,−5.39%
392,393,Palacios,City,Matagorda,,4418,4395,4718,−6.85%
393,394,Devine,City,Medina,,4410,4324,4350,−0.60%
394,395,Rio Bravo,City,Webb,,4400,4450,4794,−7.18%
395,396,Colorado City,City,Mitchell,,4391,3991,4146,−3.74%
396,397,Denver City,Town,Yoakum,Gaines,4390,4470,4479,−0.20%
397,398,Pittsburg,City,Camp,,4374,4335,4497,−3.60%
398,399,Mathis,City,San Patricio,,4354,4333,4942,−12.32%
399,400,Ovilla,City,Ellis,Dallas,4349,4304,3492,+23.25%
400,401,Garden Ridge,City,Comal,,4335,4186,3259,+28.44%
401,402,Hunters Creek Village,City,Harris,,4314,4385,4367,+0.41%
402,403,Canton,City,Van Zandt,,4312,4229,3581,+18.10%
403,404,Crandall,City,Kaufman,,4278,3860,2858,+35.06%
404,405,Comanche,City,Comanche,,4235,4211,4335,−2.86%
405,406,Spring Valley Village,City,Harris,,4217,4229,3715,+13.84%
406,406,Whitesboro,City,Grayson,,4217,4074,3793,+7.41%
407,408,Jacksboro,City,Jack,,4209,4184,4511,−7.25%
408,409,McLendon-Chisholm,City,Rockwall,,4206,3562,1373,+159.43%
409,410,Dimmitt,City,Castro,,4167,4171,4393,−5.05%
410,411,Friona,City,Parmer,,4144,4171,4123,+1.16%
411,412,Jourdanton,City,Atascosa,,4127,4094,3871,+5.76%
412,413,Caldwell,City,Burleson,,4109,3993,4104,−2.70%
413,414,Bellville,City,Austin,,4108,4206,4097,+2.66%
414,415,Weston Lakes,City,Fort Bend,,4061,3853,2482,+55.24%
415,416,Smithville,City,Bastrop,,4047,3922,3817,+2.75%
416,417,Castle Hills,City,Bexar,,3947,3978,4116,−3.35%
417,418,Clyde,City,Callahan,,3923,3811,3713,+2.64%
418,419,Coleman,City,Coleman,,3917,3912,4709,−16.93%
419,420,Sullivan City,City,Hidalgo,,3905,3908,4002,−2.35%
420,421,Cisco,City,Eastland,,3883,3883,3899,−0.41%
421,422,Wills Point,City,Van Zandt,,3863,3747,3524,+6.33%
422,423,Nash,City,Bowie,,3831,3814,2960,+28.85%
423,424,Farmersville,City,Collin,,3808,3612,3301,+9.42%
424,425,Bunker Hill Village,City,Harris,,3761,3822,3633,+5.20%
425,425,Edgecliff Village,Town,Tarrant,,3761,3788,2776,+36.46%
426,427,San Diego,City,Duval,Jim Wells,3755,3748,4488,−16.49%
427,428,Cotulla,City,La Salle,,3725,3718,3603,+3.19%
428,429,Cockrell Hill,City,Dallas,,3719,3815,4193,−9.02%
429,430,Bullard,Town,Smith,Cherokee,3706,3318,2463,+34.71%
430,431,Anthony,Town,El Paso,,3665,3671,5011,−26.74%
431,432,Groesbeck,City,Limestone,,3645,3631,4328,−16.10%
432,433,Kenedy,City,Karnes,,3626,3473,3296,+5.37%
433,434,Eastland,City,Eastland,,3621,3609,3960,−8.86%
434,435,Taylor Lake Village,City,Harris,,3617,3704,3544,+4.51%
435,436,Howe,Town,Grayson,,3615,3571,2600,+37.35%
436,437,West Columbia,City,Brazoria,,3611,3644,3905,−6.68%
437,438,Laguna Vista,Town,Cameron,,3605,3520,3117,+12.93%
438,439,Shenandoah,City,Montgomery,,3593,3499,2134,+63.96%
439,440,Sweeny,City,Brazoria,,3591,3626,3684,−1.57%
440,441,Columbus,City,Colorado,,3587,3699,3655,+1.20%
441,442,Ballinger,City,Runnels,,3580,3619,3767,−3.93%
442,443,Shavano Park,City,Bexar,,3569,3524,3035,+16.11%
443,444,Winnsboro,City,Wood,Franklin,3527,3455,3434,+0.61%
444,445,Clifton,City,Bosque,,3488,3465,3442,+0.67%
445,446,Crane,City,Crane,,3484,3478,3353,+3.73%
446,446,Eagle Lake,City,Colorado,,3484,3442,3639,−5.41%
447,448,Reno,City,Lamar,,3460,3454,3166,+9.10%
448,449,Teague,City,Freestone,,3447,3384,3560,−4.94%
449,450,Dublin,City,Erath,,3433,3359,3654,−8.07%
450,450,West Orange,City,Orange,,3433,3459,3443,+0.46%
451,452,Chandler,City,Henderson,,3400,3275,2734,+19.79%
452,453,Springtown,City,Parker,Wise,3355,3064,2658,+15.27%
453,454,Llano,City,Llano,,3347,3325,3232,+2.88%
454,455,West Lake Hills,City,Travis,,3322,3444,3063,+12.44%
455,456,Dilley,City,Frio,,3310,3274,3894,−15.92%
456,457,Presidio,City,Presidio,,3301,3264,4426,−26.25%
457,458,Karnes City,City,Karnes,,3270,3111,3042,+2.27%
458,459,Hideaway,City,Smith,,3251,3201,3083,+3.83%
459,460,Beach City,City,Chambers,,3208,3221,2198,+46.54%
460,461,Grand Saline,City,Van Zandt,,3165,3107,3136,−0.92%
461,462,Bishop,City,Nueces,,3155,3174,3134,+1.28%
462,463,Annetta,Town,Parker,,3153,3041,1288,+136.10%
463,464,San Saba,City,San Saba,,3151,3117,3099,+0.58%
464,465,Early,City,Brown,,3145,3087,2762,+11.77%
465,466,Onalaska,City,Polk,,3143,3020,1764,+71.20%
466,467,Hollywood Park,Town,Bexar,,3106,3130,3062,+2.22%
467,468,Port Aransas,City,Nueces,,3105,2904,3480,−16.55%
468,469,DeCordova,City,Hood,,3104,3007,2683,+12.08%
469,470,Henrietta,City,Clay,,3102,3111,3141,−0.96%
470,471,Reno,City,Parker,Tarrant,3100,2878,2494,+15.40%
471,472,Spearman,City,Hansford,,3087,3171,3368,−5.85%
472,473,Piney Point Village,City,Harris,,3072,3128,3125,+0.10%
473,474,Needville,City,Fort Bend,,3062,3089,2823,+9.42%
474,475,Nocona,City,Montague,,3059,3002,3033,−1.02%
475,476,Double Oak,Town,Denton,,3054,3054,2867,+6.52%
476,477,Cactus,City,Moore,,3050,3057,3179,−3.84%
477,478,Haskell,City,Haskell,,3046,3089,3322,−7.01%
478,479,Combes,Town,Cameron,,3040,2999,2895,+3.59%
479,480,Oak Ridge North,City,Montgomery,,3032,3057,3049,+0.26%
480,481,Olney,City,Young,,3019,3007,3285,−8.46%
481,482,El Lago,City,Harris,,3006,3090,2706,+14.19%
482,483,Castroville,City,Medina,,3005,2954,2680,+10.22%
483,484,Stamford,City,Haskell,Jones,2977,2907,3124,−6.95%
484,485,Lytle,City,Atascosa,"Bexar, Medina",2965,2914,2492,+16.93%
485,486,Hackberry,Town,Denton,,2961,2973,968,+207.13%
486,487,Shallowater,City,Lubbock,,2940,2964,2484,+19.32%
487,488,Fairfield,City,Freestone,,2896,2850,2951,−3.42%
488,489,Poteet,City,Atascosa,,2880,2795,3260,−14.26%
489,490,Wimberley,City,Hays,,2877,2839,2626,+8.11%
490,491,Hamilton,City,Hamilton,,2871,2895,3095,−6.46%
491,492,Ferris,City,Ellis,Dallas,2857,2788,2436,+14.45%
492,493,Rancho Viejo,Town,Cameron,,2856,2838,2437,+16.45%
493,494,Big Lake,City,Reagan,,2850,2965,2936,+0.99%
494,495,Shady Shores,Town,Denton,,2849,2764,2612,+5.82%
495,496,Glen Rose,City,Somervell,,2848,2659,2444,+8.80%
496,497,Brazoria,City,Brazoria,,2845,2866,3019,−5.07%
497,498,Taft,City,San Patricio,,2818,2801,3048,−8.10%
498,499,Abernathy,City,Hale,Lubbock,2804,2865,2805,+2.14%
499,500,Waller,City,Waller,Harris,2796,2682,2326,+15.31%
500,501,Clarksville,City,Red River,,2790,2857,3285,−13.03%
501,501,Refugio,Town,Refugio,,2790,2712,2890,−6.16%
502,503,Vinton,Village,El Paso,,2769,2684,1971,+36.17%
503,504,Van,City,Van Zandt,,2745,2664,2632,+1.22%
504,505,Hallettsville,City,Lavaca,,2742,2731,2550,+7.10%
505,506,Balcones Heights,City,Bexar,,2725,2746,2941,−6.63%
506,507,Edcouch,City,Hidalgo,,2720,2732,3161,−13.57%
507,508,La Villa,City,Hidalgo,,2712,2804,1957,+43.28%
508,509,Talty,Town,Kaufman,,2710,2500,1535,+62.87%
509,510,Schulenburg,City,Fayette,,2669,2633,2852,−7.68%
510,511,Floydada,City,Floyd,,2654,2675,3038,−11.95%
511,512,Stanton,City,Martin,,2649,2657,2492,+6.62%
512,513,Magnolia,City,Montgomery,,2635,2359,1393,+69.35%
513,514,Pottsboro,Town,Grayson,,2613,2488,2160,+15.19%
514,515,Palmhurst,City,Hidalgo,,2602,2601,2607,−0.23%
515,515,Westworth Village,City,Tarrant,,2602,2585,2472,+4.57%
516,517,Seymour,City,Baylor,,2584,2575,2740,−6.02%
517,518,Escobares,City,Starr,,2569,2588,1188,+117.85%
518,519,West,City,McLennan,,2557,2531,2807,−9.83%
519,520,Panorama Village,City,Montgomery,,2547,2515,2170,+15.90%
520,521,The Hills,Village,Travis,,2535,2613,2472,+5.70%
521,522,Pantego,Town,Tarrant,,2528,2568,2394,+7.27%
522,523,Hooks,City,Bowie,,2514,2518,2769,−9.06%
523,524,Daingerfield,City,Morris,,2510,2522,2560,−1.48%
524,525,El Cenizo,City,Webb,,2506,2540,3273,−22.40%
525,526,Junction,City,Kimble,,2494,2451,2574,−4.78%
526,527,Hudson Oaks,City,Parker,,2478,2174,1662,+30.81%
527,528,Mount Vernon,Town,Franklin,,2477,2491,2662,−6.42%
528,529,Freer,City,Duval,,2472,2461,2818,−12.67%
529,530,Troy,City,Bell,,2468,2375,1645,+44.38%
530,531,Sonora,City,Sutton,,2462,2502,3027,−17.34%
531,532,Palmer,Town,Ellis,,2461,2393,2000,+19.65%
532,533,Merkel,Town,Taylor,,2457,2471,2590,−4.59%
533,534,Jonestown,City,Travis,,2456,2365,1834,+28.95%
534,535,Premont,City,Jim Wells,,2441,2455,2653,−7.46%
535,536,Woodville,Town,Tyler,,2440,2403,2586,−7.08%
536,537,Ponder,Town,Denton,,2429,2442,1395,+75.05%
537,538,Santa Rosa,Town,Cameron,,2423,2450,2873,−14.72%
538,539,Salado,Village,Bell,,2391,2394,2126,+12.61%
539,540,Tahoka,City,Lynn,,2390,2375,2673,−11.15%
540,541,Trinity,City,Trinity,,2377,2343,2697,−13.13%
541,542,Haslet,City,Tarrant,Denton,2371,1952,1517,+28.68%
542,543,Winters,City,Runnels,,2365,2345,2562,−8.47%
543,544,Blue Mound,City,Tarrant,,2359,2393,2394,−0.04%
544,545,Combine,City,Kaufman,Dallas,2358,2245,1942,+15.60%
545,546,Nixon,City,Gonzales,Wilson,2355,2341,2385,−1.84%
546,547,Anson,City,Jones,,2347,2294,2430,−5.60%
547,548,Panhandle,Town,Carson,,2337,2378,2452,−3.02%
548,549,Hedwig Village,City,Harris,,2328,2370,2557,−7.31%
549,550,Caddo Mills,City,Hunt,,2321,1495,1338,+11.73%
550,550,Montgomery,City,Montgomery,,2321,1948,621,+213.69%
551,552,De Leon,City,Comanche,,2282,2258,2246,+0.53%
552,552,Electra,City,Wichita,,2282,2292,2791,−17.88%
553,554,Ranger,City,Eastland,,2276,2300,2468,−6.81%
554,555,Overton,City,Rusk,Smith,2274,2275,2554,−10.92%
555,556,Dalworthington Gardens,City,Tarrant,,2273,2293,2259,+1.51%
556,557,Quanah,City,Hardeman,,2272,2279,2641,−13.71%
557,558,Odem,City,San Patricio,,2265,2255,2389,−5.61%
558,559,St. Hedwig,Town,Bexar,,2258,2227,2094,+6.35%
559,560,Gunter,City,Grayson,,2255,2060,1498,+37.52%
560,561,Canadian,City,Hemphill,,2248,2339,2649,−11.70%
561,561,East Bernard,City,Wharton,,2248,2218,2272,−2.38%
562,563,Pelican Bay,City,Tarrant,,2236,2049,1547,+32.45%
563,564,Malakoff,City,Henderson,,2219,2179,2324,−6.24%
564,565,Pinehurst,City,Orange,,2216,2232,2097,+6.44%
565,566,Tool,City,Henderson,,2212,2175,2240,−2.90%
566,567,Lyford,City,Willacy,,2210,2249,2611,−13.86%
567,568,George West,City,Live Oak,,2192,2171,2445,−11.21%
568,569,Seagraves,City,Gaines,,2185,2153,2417,−10.92%
569,570,Kountze,City,Hardin,,2163,1981,2123,−6.69%
570,571,Olmos Park,City,Bexar,,2162,2180,2237,−2.55%
571,572,Arcola,City,Fort Bend,,2156,2034,1642,+23.87%
572,573,Shiner,City,Lavaca,,2154,2127,2069,+2.80%
573,574,Idalou,City,Lubbock,,2152,2193,2250,−2.53%
574,575,Briarcliff,Village,Travis,,2133,2062,1438,+43.39%
575,576,Mason,City,Mason,,2119,2121,2114,+0.33%
576,577,Jarrell,City,Williamson,,2111,1753,984,+78.15%
577,578,Weimar,City,Colorado,,2074,2076,2151,−3.49%
578,579,South Padre Island,Town,Cameron,,2061,2066,2816,−26.63%
579,580,Memphis,City,Hall,,2055,2048,2290,−10.57%
580,581,Shepherd,City,San Jacinto,,2045,2105,2319,−9.23%
581,582,Leonard,City,Fannin,,2039,1987,1990,−0.15%
582,582,Troup,City,Smith,Cherokee,2039,2006,1869,+7.33%
583,584,Whitney,Town,Hill,,2033,1992,2087,−4.55%
584,585,Elmendorf,City,Bexar,Wilson,2029,1862,1488,+25.13%
585,586,Huntington,City,Angelina,,2019,2025,2118,−4.39%
586,587,Rio Hondo,City,Cameron,,2018,2021,2356,−14.22%
587,588,Hale Center,City,Hale,,2015,2062,2252,−8.44%
588,589,Kirbyville,City,Jasper,,2003,2036,2142,−4.95%
589,590,Newton,City,Newton,,1991,1633,2478,−34.10%
590,590,Quitman,City,Wood,,1991,1942,1809,+7.35%
591,592,Little River-Academy,City,Bell,,1989,1992,1961,+1.58%
592,593,Ganado,City,Jackson,,1982,1975,2003,−1.40%
593,594,Italy,Town,Ellis,,1981,1926,1863,+3.38%
594,595,Olton,City,Lamb,,1967,1989,2215,−10.20%
595,596,Anahuac,City,Chambers,,1962,1980,2243,−11.73%
596,597,Jones Creek,Village,Brazoria,,1959,1975,2020,−2.23%
597,598,Stratford,City,Sherman,,1953,1939,2017,−3.87%
598,599,Cooper,City,Delta,,1951,1911,1969,−2.95%
599,600,Van Horn,Town,Culberson,,1946,1941,2063,−5.91%
600,600,Waskom,City,Harrison,,1946,1910,2160,−11.57%
601,602,West Tawakoni,City,Hunt,,1932,1895,1576,+20.24%
602,603,Collinsville,Town,Grayson,,1931,1866,1624,+14.90%
603,604,Albany,City,Shackelford,,1927,1854,2034,−8.85%
604,605,Meadowlakes,City,Burnet,,1922,1907,1777,+7.32%
605,606,Krugerville,City,Denton,,1920,1766,1662,+6.26%
606,607,Grandview,City,Johnson,,1889,1879,1561,+20.37%
607,608,Hamlin,City,Jones,Fisher,1879,1831,2124,−13.79%
608,609,Beverly Hills,City,McLennan,,1876,1878,1995,−5.86%
609,610,Roman Forest,City,Montgomery,,1874,1781,1538,+15.80%
610,611,Clarendon,City,Donley,,1867,1877,2026,−7.35%
611,611,Wellington,City,Collingsworth,,1867,1896,2189,−13.39%
612,613,Poth,Town,Wilson,,1866,1819,1908,−4.66%
613,614,Godley,City,Johnson,,1858,1450,1009,+43.71%
614,615,San Augustine,City,San Augustine,,1854,1920,2108,−8.92%
615,616,Fritch,City,Hutchinson,Moore,1851,1859,2117,−12.19%
616,617,Cresson,City,Parker,"Hood, Johnson",1849,1349,741,+82.05%
617,617,Jefferson,City,Marion,,1849,1875,2106,−10.97%
618,619,Southside Place,City,Harris,,1826,1835,1715,+7.00%
619,620,McCamey,City,Upton,,1825,1831,1887,−2.97%
620,621,Cross Roads,Town,Denton,,1817,1744,1563,+11.58%
621,622,Ingram,City,Kerr,,1813,1787,1804,−0.94%
622,623,Yorktown,City,DeWitt,,1811,1810,2092,−13.48%
623,624,Woodcreek,City,Hays,,1804,1770,1457,+21.48%
624,625,Kemah,City,Galveston,,1803,1807,1773,+1.92%
625,626,Sour Lake,City,Hardin,,1792,1773,1813,−2.21%
626,627,Lorena,City,McLennan,,1791,1785,1691,+5.56%
627,627,Mart,City,McLennan,Limestone,1791,1748,2209,−20.87%
628,629,Buffalo,City,Leon,,1789,1767,1856,−4.80%
629,630,Linden,City,Cass,,1786,1825,1988,−8.20%
630,631,Blanco,City,Blanco,,1780,1682,1739,−3.28%
631,631,Splendora,City,Montgomery,,1780,1683,1615,+4.21%
632,633,Shamrock,City,Wheeler,,1773,1789,1910,−6.34%
633,634,Bartonville,Town,Denton,,1771,1725,1469,+17.43%
634,635,Somerset,City,Bexar,,1765,1756,1631,+7.66%
635,636,Bertram,City,Burnet,,1764,1616,1353,+19.44%
636,637,Copper Canyon,Town,Denton,,1759,1731,1334,+29.76%
637,638,Bayou Vista,City,Galveston,,1755,1763,1537,+14.70%
638,639,Honey Grove,City,Fannin,,1753,1715,1668,+2.82%
639,639,Whitewright,Town,Grayson,Fannin,1753,1725,1604,+7.54%
640,641,Marfa,City,Presidio,,1750,1788,1981,−9.74%
641,642,Gregory,City,San Patricio,,1740,1740,1907,−8.76%
642,643,Rhome,City,Wise,,1737,1630,1522,+7.10%
643,644,Patton Village,City,Montgomery,,1730,1647,1557,+5.78%
644,645,Johnson City,City,Blanco,,1717,1627,1656,−1.75%
645,646,Goldthwaite,City,Mills,,1715,1738,1878,−7.45%
646,647,Bovina,City,Parmer,,1703,1699,1868,−9.05%
647,648,Sunray,City,Moore,,1702,1707,1926,−11.37%
648,649,Lowry Crossing,City,Collin,,1695,1689,1711,−1.29%
649,650,Westlake,Town,Tarrant,Denton,1683,1623,992,+63.61%
650,651,Franklin,City,Robertson,,1670,1614,1564,+3.20%
651,652,Morton,City,Cochran,,1668,1690,2006,−15.75%
652,653,Uhland,City,Hays,Caldwell,1667,1588,1014,+56.61%
653,654,Runaway Bay,City,Wise,,1659,1546,1286,+20.22%
654,655,Danbury,City,Brazoria,,1655,1671,1715,−2.57%
655,656,Bartlett,City,Williamson,Bell,1643,1633,1623,+0.62%
656,657,Ralls,City,Crosby,,1639,1665,1944,−14.35%
657,658,Stinnett,City,Hutchinson,,1638,1650,1881,−12.28%
658,659,Itasca,City,Hill,,1625,1562,1644,−4.99%
659,660,Goliad,City,Goliad,,1624,1620,1908,−15.09%
660,660,Lakeside,Town,Tarrant,,1624,1649,1307,+26.17%
661,662,Oak Leaf,City,Ellis,,1616,1552,1298,+19.57%
662,663,Edgewood,Town,Van Zandt,,1592,1530,1441,+6.18%
663,664,Eldorado,City,Schleicher,,1585,1574,1951,−19.32%
664,665,Archer City,City,Archer,,1584,1601,1834,−12.70%
665,666,Muenster,City,Cooke,,1580,1536,1544,−0.52%
666,667,Holliday,City,Archer,,1570,1524,1758,−13.31%
667,668,Three Rivers,City,Live Oak,,1562,1474,1848,−20.24%
668,669,Charlotte,City,Atascosa,,1554,1524,1715,−11.14%
669,670,Brookside Village,City,Brazoria,,1552,1548,1523,+1.64%
670,671,Fulton,Town,Aransas,,1549,1523,1358,+12.15%
671,672,Eden,City,Concho,,1543,1100,2766,−60.23%
672,672,Hughes Springs,City,Cass,Morris,1543,1575,1760,−10.51%
673,674,Bangs,City,Brown,,1542,1540,1603,−3.93%
674,675,Bells,Town,Grayson,,1540,1521,1392,+9.27%
675,676,Shoreacres,City,Harris,,1530,1566,1493,+4.89%
676,677,Cottonwood Shores,City,Burnet,,1512,1403,1123,+24.93%
677,678,De Kalb,City,Bowie,,1511,1527,1699,−10.12%
678,679,Kerens,City,Navarro,,1505,1505,1573,−4.32%
679,680,Baird,City,Callahan,,1498,1479,1496,−1.14%
680,681,Grapeland,City,Houston,,1493,1465,1489,−1.61%
681,682,Crosbyton,City,Crosby,,1488,1492,1741,−14.30%
682,683,Boyd,Town,Wise,,1481,1416,1207,+17.32%
683,683,Lockney,Town,Floyd,,1481,1498,1842,−18.68%
684,685,Corrigan,Town,Polk,,1480,1477,1595,−7.40%
685,686,Wheeler,City,Wheeler,,1462,1487,1592,−6.60%
686,687,Quinlan,City,Hunt,,1455,1414,1394,+1.43%
687,688,Aurora,City,Wise,,1449,1390,1220,+13.93%
688,689,Rollingwood,City,Travis,,1440,1467,1412,+3.90%
689,690,New Fairview,City,Wise,,1438,1386,1258,+10.17%
690,691,Stockdale,City,Wilson,,1435,1413,1442,−2.01%
691,692,Alvord,Town,Wise,,1433,1351,1334,+1.27%
692,693,Bruceville-Eddy,City,McLennan,Falls,1426,1413,1475,−4.20%
693,694,Woodbranch,City,Montgomery,,1420,1330,1282,+3.74%
694,695,Moody,City,McLennan,,1411,1376,1371,+0.36%
695,696,Queen City,City,Cass,,1409,1397,1476,−5.35%
696,697,Lone Star,City,Morris,,1407,1400,1581,−11.45%
697,697,Meridian,City,Bosque,,1407,1396,1493,−6.50%
698,699,Wolfe City,City,Hunt,,1406,1399,1412,−0.92%
699,700,Hubbard,City,Hill,,1402,1394,1423,−2.04%
700,700,Seven Points,City,Henderson,Kaufman,1402,1370,1455,−5.84%
701,702,Blossom,City,Lamar,,1401,1402,1494,−6.16%
702,702,Sabinal,City,Uvalde,,1401,1364,1695,−19.53%
703,704,Brackettville,City,Kinney,,1400,1341,1688,−20.56%
704,705,Palm Valley,City,Cameron,,1398,1413,1304,+8.36%
705,706,Naples,City,Morris,,1391,1387,1378,+0.65%
706,707,Farwell,City,Parmer,,1389,1425,1363,+4.55%
707,708,Ivanhoe,City,Tyler,,1372,1327,887,+49.61%
708,709,Booker,Town,Lipscomb,Ochiltree,1365,1437,1516,−5.21%
709,710,Menard,City,Menard,,1355,1348,1471,−8.36%
710,711,Plains,Town,Yoakum,,1351,1355,1481,−8.51%
711,712,Rotan,City,Fisher,,1349,1332,1508,−11.67%
712,713,Rosebud,City,Falls,,1345,1296,1412,−8.22%
713,714,Plum Grove,City,Liberty,,1344,1245,600,+107.50%
714,715,Hico,City,Hamilton,,1343,1335,1379,−3.19%
715,716,Tatum,City,Rusk,Panola,1340,1342,1385,−3.10%
716,717,Flatonia,Town,Fayette,,1336,1308,1383,−5.42%
717,718,Nevada,City,Collin,,1331,1314,822,+59.85%
718,719,Somerville,City,Burleson,,1329,1312,1376,−4.65%
719,720,Hawkins,City,Wood,,1314,1274,1278,−0.31%
720,721,Old River-Winfree,City,Chambers,Liberty,1310,1315,1245,+5.62%
721,722,Woodsboro,Town,Refugio,,1299,1319,1512,−12.76%
722,723,Wallis,City,Austin,,1296,1292,1252,+3.19%
723,724,Emory,City,Rains,,1291,1251,1239,+0.97%
724,725,Thorndale,City,Milam,Williamson,1287,1263,1336,−5.46%
725,726,Elkhart,Town,Anderson,,1277,1287,1371,−6.13%
726,727,Natalia,City,Medina,,1271,1202,1431,−16.00%
727,728,Point Venture,Village,Travis,,1267,1260,800,+57.50%
728,729,Sundown,City,Hockley,,1265,1283,1397,−8.16%
729,730,Big Sandy,Town,Upshur,,1263,1231,1343,−8.34%
730,730,Clear Lake Shores,City,Galveston,,1263,1258,1063,+18.34%
731,732,Gholson,City,McLennan,,1262,1250,1061,+17.81%
732,733,Roscoe,City,Nolan,,1244,1271,1322,−3.86%
733,734,Valley Mills,City,Bosque,McLennan,1243,1229,1203,+2.16%
734,735,China,City,Jefferson,,1240,1260,1160,+8.62%
735,735,Munday,City,Knox,,1240,1246,1300,−4.15%
736,737,Rice,City,Navarro,,1236,1203,923,+30.34%
737,738,Lexington,Town,Lee,,1231,1217,1177,+3.40%
738,739,Brownsboro,City,Henderson,,1229,1212,1039,+16.65%
739,740,Martindale,City,Caldwell,,1209,1253,1116,+12.28%
740,741,La Grulla,City,Starr,,1207,1222,1622,−24.66%
741,742,Florence,City,Williamson,,1201,1171,1136,+3.08%
742,743,Benavides,City,Duval,,1195,1183,1362,−13.14%
743,744,Granger,City,Williamson,,1193,1183,1419,−16.63%
744,745,Tioga,Town,Grayson,,1192,1142,803,+42.22%
745,745,Tye,City,Taylor,,1192,1176,1242,−5.31%
746,747,Blue Ridge,City,Collin,,1187,1180,822,+43.55%
747,748,Oyster Creek,City,Brazoria,,1186,1173,1111,+5.58%
748,749,Claude,City,Armstrong,,1184,1186,1196,−0.84%
749,750,Orange Grove,City,Jim Wells,,1183,1165,1318,−11.61%
750,751,Kempner,City,Lampasas,,1182,1146,1089,+5.23%
751,752,Kemp,City,Kaufman,,1178,1129,1154,−2.17%
752,753,Von Ormy,City,Bexar,,1177,1174,1085,+8.20%
753,754,Ransom Canyon,Town,Lubbock,,1170,1189,1096,+8.49%
754,755,Pine Island,Town,Waller,,1161,1077,988,+9.01%
755,756,La Vernia,City,Wilson,,1154,1077,1034,+4.16%
756,757,Eustace,City,Henderson,,1153,1137,991,+14.73%
757,758,Lakeside City,Town,Archer,,1150,1082,997,+8.53%
758,759,Newark,City,Wise,Tarrant,1149,1096,1005,+9.05%
759,760,Ore City,City,Upshur,,1142,1108,1144,−3.15%
760,761,Cut and Shoot,City,Montgomery,,1139,1087,1070,+1.59%
761,762,China Grove,Town,Bexar,,1133,1141,1179,−3.22%
762,763,Sterling City,City,Sterling,,1122,1121,888,+26.24%
763,764,Frankston,Town,Anderson,,1114,1126,1229,−8.38%
764,765,Gruver,City,Hansford,,1108,1130,1194,−5.36%
765,766,LaCoste,City,Medina,,1107,1077,1119,−3.75%
766,767,Rogers,Town,Bell,,1104,1113,1218,−8.62%
767,768,Tiki Island,Village,Galveston,,1103,1106,968,+14.26%
768,769,Bogata,City,Red River,,1089,1074,1153,−6.85%
769,770,Holland,Town,Bell,,1086,1075,1121,−4.10%
770,771,Rio Vista,City,Johnson,,1078,1008,873,+15.46%
771,772,Jamaica Beach,City,Galveston,,1072,1078,983,+9.66%
772,773,Riesel,City,McLennan,,1071,1062,1007,+5.46%
773,774,Lindsay,City,Cooke,,1069,1045,1018,+2.65%
774,775,Paducah,Town,Cottle,,1060,1063,1186,−10.37%
775,776,Bevil Oaks,City,Jefferson,,1058,1089,1274,−14.52%
776,777,Knox City,City,Knox,,1052,1065,1130,−5.75%
777,778,Marion,City,Guadalupe,,1044,1034,1066,−3.00%
778,779,Iraan,City,Pecos,,1037,1055,1229,−14.16%
779,780,Alto,Town,Cherokee,,1033,1027,1225,−16.16%
780,781,Pleak,Village,Fort Bend,,1031,971,1044,−6.99%
781,782,Holiday Lakes,Town,Brazoria,,1022,991,1107,−10.48%
782,782,Robert Lee,City,Coke,,1022,1027,1049,−2.10%
783,782,Santa Anna,Town,Coleman,,1022,1014,1099,−7.73%
784,785,Southmayd,City,Grayson,,1013,978,992,−1.41%
785,786,Los Indios,Town,Cameron,,1012,1008,1083,−6.93%
786,787,Ames,City,Liberty,,1009,937,1003,−6.58%
787,788,Hemphill,City,Sabine,,1008,1029,1198,−14.11%
788,789,Wortham,Town,Navarro,,1002,980,1073,−8.67%
789,790,Seadrift,City,Calhoun,,999,995,1364,−27.05%
790,791,Chico,City,Wise,,996,946,1002,−5.59%
791,792,St. Paul,Town,Collin,,994,992,1066,−6.94%
792,793,Daisetta,City,Liberty,,992,923,966,−4.45%
793,794,Tenaha,Town,Shelby,,991,989,1160,−14.74%
794,794,Timpson,City,Shelby,,991,989,1155,−14.37%
795,796,Gorman,City,Eastland,,990,976,1083,−9.88%
796,797,Tolar,City,Hood,,989,941,681,+38.18%
797,798,Petersburg,City,Hale,,982,1014,1202,−15.64%
798,799,Maud,City,Bowie,,975,977,1056,−7.48%
799,800,Lakeport,City,Gregg,,972,976,974,+0.21%
800,801,Mustang Ridge,City,Travis,Caldwell,966,944,861,+9.64%
801,801,New Waverly,City,Walker,,966,914,1032,−11.43%
802,803,Lorenzo,City,Crosby,,964,964,1147,−15.95%
803,804,Runge,Town,Karnes,,963,892,1031,−13.48%
804,805,Calvert,City,Robertson,,962,962,1192,−19.30%
805,806,New London,City,Rusk,,958,958,998,−4.01%
806,807,Bronte,Town,Coke,,945,933,999,−6.61%
807,808,Maypearl,City,Ellis,,944,939,934,+0.54%
808,809,Waelder,City,Gonzales,,941,933,1065,−12.39%
809,810,Hill Country Village,City,Bexar,,940,942,985,−4.37%
810,811,Sudan,City,Lamb,,939,940,958,−1.88%
811,812,Red Lick,City,Bowie,,937,946,1008,−6.15%
812,813,Omaha,City,Morris,,936,936,1021,−8.33%
813,814,Tom Bean,City,Grayson,,933,930,1045,−11.00%
814,815,Clint,Town,El Paso,,930,923,926,−0.32%
815,816,Arp,City,Smith,,926,892,970,−8.04%
816,816,Cross Plains,Town,Callahan,,926,899,982,−8.45%
817,818,East Mountain,City,Upshur,Gregg,922,899,797,+12.80%
818,819,Centerville,City,Leon,,921,905,892,+1.46%
819,819,Fairchilds,Village,Fort Bend,,921,864,763,+13.24%
820,821,Coahoma,Town,Howard,,914,945,817,+15.67%
821,822,Groveton,City,Trinity,,913,918,1057,−13.15%
822,823,Miles,City,Runnels,,907,875,829,+5.55%
823,824,White Deer,Town,Carson,,904,918,1000,−8.20%
824,825,Crawford,Town,McLennan,,903,887,717,+23.71%
825,826,Earth,City,Lamb,,901,901,1065,−15.40%
826,826,St. Jo,City,Montague,,901,881,1043,−15.53%
827,828,Pineland,City,Sabine,,899,888,850,+4.47%
828,829,Oak Ridge,Town,Kaufman,,887,771,495,+55.76%
829,830,Anton,City,Hockley,,883,907,1126,−19.45%
830,831,Hart,City,Castro,,882,869,1114,−21.99%
831,831,Wink,City,Winkler,,882,915,940,−2.66%
832,833,Blooming Grove,Town,Navarro,,878,857,821,+4.38%
833,834,Rocksprings,Town,Edwards,,874,874,1182,−26.06%
834,835,Vega,City,Oldham,,869,879,884,−0.57%
835,836,Wells,Town,Cherokee,,867,853,790,+7.97%
836,837,Moulton,Town,Lavaca,,861,854,886,−3.61%
837,837,Trinidad,City,Henderson,,861,860,886,−2.93%
838,839,Thrall,City,Williamson,,860,816,839,−2.74%
839,840,New Summerfield,City,Cherokee,,859,843,1111,−24.12%
840,841,Bremond,City,Robertson,,854,858,929,−7.64%
841,841,Garrett,Town,Ellis,,854,829,806,+2.85%
842,843,Berryville,Town,Henderson,,852,824,975,−15.49%
843,844,Indian Lake,Town,Cameron,,851,839,640,+31.09%
844,844,Redwater,City,Bowie,,851,853,1057,−19.30%
845,846,East Tawakoni,City,Rains,,850,824,883,−6.68%
846,847,Tuscola,City,Taylor,,847,850,742,+14.56%
847,848,Bandera,City,Bandera,,839,829,857,−3.27%
848,849,Dawson,Town,Navarro,,835,815,807,+0.99%
849,850,Celeste,City,Hunt,,822,809,814,−0.61%
850,851,Walnut Springs,City,Bosque,,815,795,827,−3.87%
851,852,Hardin,City,Liberty,,811,768,819,−6.23%
852,853,Hilshire Village,City,Harris,,806,816,746,+9.38%
853,854,Hebron,Town,Denton,Collin,803,803,415,+93.49%
854,855,Jewett,City,Leon,,797,793,1167,−32.05%
855,856,Garrison,City,Nacogdoches,,793,789,895,−11.84%
856,857,Bailey's Prairie,Village,Brazoria,,781,775,727,+6.60%
857,858,Clarksville City,City,Gregg,Upshur,780,780,865,−9.83%
858,859,Road Runner[b],Town,Cooke,,779,766,-,-
859,860,Coldspring,City,San Jacinto,,777,819,853,−3.99%
860,860,Coolidge,Town,Limestone,,777,778,955,−18.53%
861,862,Knollwood,City,Grayson,,776,764,226,+238.05%
862,863,Trenton,City,Fannin,,773,743,635,+17.01%
863,864,Mertzon,City,Irion,,771,747,781,−4.35%
864,864,Santa Clara,City,Guadalupe,,771,778,725,+7.31%
865,866,Lometa,City,Lampasas,,766,753,856,−12.03%
866,866,Rising Star,Town,Eastland,,766,756,835,−9.46%
867,866,Sunrise Beach Village,City,Llano,,766,739,713,+3.65%
868,869,Point,City,Rains,,765,745,820,−9.15%
869,870,Ector,City,Fannin,,763,737,695,+6.04%
870,871,Post Oak Bend City,Town,Kaufman,,762,683,595,+14.79%
871,872,Aspermont,Town,Stonewall,,759,789,919,−14.15%
872,872,Rankin,City,Upton,,759,780,778,+0.26%
873,872,Valley View,City,Cooke,,759,737,757,−2.64%
874,875,Payne Springs,Town,Henderson,,750,741,767,−3.39%
875,876,Crowell,City,Foard,,749,769,948,−18.88%
876,876,Log Cabin,City,Henderson,,749,678,714,−5.04%
877,876,Throckmorton,Town,Throckmorton,,749,727,828,−12.20%
878,879,Pecan Hill,City,Ellis,,740,735,626,+17.41%
879,879,Spur,City,Dickens,,740,863,1318,−34.52%
880,881,Beckville,City,Panola,,736,722,847,−14.76%
881,882,Como,Town,Hopkins,,732,728,702,+3.70%
882,882,Savoy,City,Fannin,,732,712,831,−14.32%
883,882,Scurry,Town,Kaufman,,732,688,681,+1.03%
884,885,Milford,Town,Ellis,,730,722,728,−0.82%
885,886,New Deal,Town,Lubbock,,729,730,794,−8.06%
886,887,Joaquin,City,Shelby,,728,734,824,−10.92%
887,888,O'Donnell,City,Lynn,Dawson,726,704,831,−15.28%
888,889,Lone Oak,City,Hunt,,725,643,598,+7.53%
889,890,Asherton,City,Dimmit,,718,722,1084,−33.39%
890,891,Weir,City,Williamson,,714,699,450,+55.33%
891,892,Detroit,Town,Red River,,707,704,732,−3.83%
892,893,Lake Tanglewood,Village,Randall,,706,686,796,−13.82%
893,894,Cumby,City,Hopkins,,695,679,777,−12.61%
894,895,Hillcrest,Village,Brazoria,,693,705,730,−3.42%
895,896,Burke,City,Angelina,,692,691,737,−6.24%
896,897,Agua Dulce,City,Nueces,,688,685,812,−15.64%
897,897,San Felipe,Town,Austin,,688,691,747,−7.50%
898,899,Graford,City,Palo Pinto,,685,669,584,+14.55%
899,900,New Berlin,City,Guadalupe,,679,656,511,+28.38%
900,901,Driscoll,City,Nueces,,673,680,739,−7.98%
901,902,Niederwald,City,Hays,Caldwell,671,668,565,+18.23%
902,903,Oak Grove,Town,Kaufman,,670,617,603,+2.32%
903,904,Kenefick,Town,Liberty,,668,615,563,+9.24%
904,904,Lott,City,Falls,,668,644,759,−15.15%
905,906,Golinda,City,Falls,McLennan,667,618,559,+10.55%
906,907,Amherst,City,Lamb,,664,678,721,−5.96%
907,907,New Hope,Town,Collin,,664,661,614,+7.65%
908,909,Point Blank,City,San Jacinto,,663,643,688,−6.54%
909,910,Lakewood Village,City,Denton,,660,635,545,+16.51%
910,911,Mountain City,City,Hays,,656,622,648,−4.01%
911,911,Sunset Valley,City,Travis,,656,683,749,−8.81%
912,911,Surfside Beach,City,Brazoria,,656,640,482,+32.78%
913,914,McLean,Town,Gray,,654,665,778,−14.52%
914,915,Winona,Town,Smith,,643,623,576,+8.16%
915,916,Simonton,City,Fort Bend,,642,647,814,−20.52%
916,917,Westover Hills,Town,Tarrant,,641,641,682,−6.01%
917,918,Annetta South,Town,Parker,,637,621,526,+18.06%
918,918,Bardwell,City,Ellis,,637,625,649,−3.70%
919,920,Frost,City,Navarro,,636,620,643,−3.58%
920,921,New Chapel Hill,City,Smith,,626,620,594,+4.38%
921,922,Noonday,City,Smith,,616,612,777,−21.24%
922,923,Happy,Town,Swisher,Randall,613,602,678,−11.21%
923,923,Silverton,City,Briscoe,,613,629,731,−13.95%
924,925,Ladonia,Town,Fannin,,612,597,612,−2.45%
925,926,Ingleside on the Bay,City,San Patricio,,608,614,615,−0.16%
926,926,Kress,City,Swisher,,608,596,715,−16.64%
927,928,Zavalla,City,Angelina,,607,603,713,−15.43%
928,929,Beasley,City,Fort Bend,,599,608,641,−5.15%
929,930,Pattison,City,Waller,,594,547,472,+15.89%
930,930,Roby,City,Fisher,,594,591,643,−8.09%
931,932,Meadow,Town,Terry,,592,601,593,+1.35%
932,933,Stagecoach,Town,Montgomery,,588,580,538,+7.81%
933,934,Lovelady,City,Houston,,587,570,649,−12.17%
934,935,Point Comfort,City,Calhoun,,583,603,737,−18.18%
935,936,Annetta North,Town,Parker,,572,554,518,+6.95%
936,937,Matador,Town,Motley,,571,569,607,−6.26%
937,938,Buffalo Gap,Town,Taylor,,569,543,464,+17.03%
938,939,Rule,Town,Haskell,,568,561,636,−11.79%
939,940,Hawley,City,Jones,,566,545,634,−14.04%
940,941,Cove,City,Chambers,,559,525,510,+2.94%
941,942,Cushing,City,Nacogdoches,,558,557,612,−8.99%
942,943,Campbell,City,Hunt,,554,542,638,−15.05%
943,943,Chillicothe,City,Hardeman,,554,549,707,−22.35%
944,945,Riverside,City,Walker,,553,522,510,+2.35%
945,946,Colmesneil,City,Tyler,,551,542,596,−9.06%
946,946,Deport,City,Lamar,Red River,551,550,578,−4.84%
947,948,Loraine,Town,Mitchell,,550,504,602,−16.28%
948,949,Strawn,City,Palo Pinto,,549,540,653,−17.30%
949,950,Appleby,City,Nacogdoches,,548,552,474,+16.46%
950,951,Groom,Town,Carson,,547,552,574,−3.83%
951,952,Roxton,City,Lamar,,546,548,650,−15.69%
952,952,Thorntonville,Town,Ward,,546,561,476,+17.86%
953,954,Falls City,City,Karnes,,544,514,611,−15.88%
954,955,Volente,Village,Travis,,542,561,520,+7.88%
955,956,Encinal,City,La Salle,,539,540,559,−3.40%
956,957,Newcastle,City,Young,,531,526,585,−10.09%
957,957,San Perlita,City,Willacy,,531,538,573,−6.11%
958,959,Murchison,City,Henderson,,523,516,594,−13.13%
959,960,Paradise,City,Wise,,522,475,441,+7.71%
960,961,Miami,City,Roberts,,521,539,597,−9.72%
961,962,Lipan,City,Hood,,520,505,430,+17.44%
962,963,Snook,City,Burleson,,519,506,511,−0.98%
963,964,Petrolia,City,Clay,,516,514,686,−25.07%
964,965,San Leanna,Village,Travis,,514,522,497,+5.03%
965,966,Brazos Country,City,Austin,,510,514,469,+9.59%
966,967,Briaroaks,City,Johnson,,508,507,492,+3.05%
967,967,Camp Wood,City,Real,,508,517,706,−26.77%
968,969,Normangee,Town,Leon,Madison,506,495,685,−27.74%
969,970,Mount Enterprise,City,Rusk,,504,505,447,+12.98%
970,971,Jayton,City,Kent,,503,511,534,−4.31%
971,971,Pine Forest,City,Orange,,503,499,487,+2.46%
972,973,Bayview,Town,Cameron,,501,475,383,+24.02%
973,973,Star Harbor,City,Henderson,,501,482,444,+8.56%
974,975,Easton,City,Gregg,Rusk,497,499,510,−2.16%
975,976,Liverpool,City,Brazoria,,494,475,482,−1.45%
976,977,Dean,City,Clay,,493,488,493,−1.01%
977,978,Fruitvale,City,Van Zandt,,490,476,408,+16.67%
978,979,Grey Forest,City,Bexar,,489,492,483,+1.86%
979,980,Talco,City,Titus,,488,494,516,−4.26%
980,981,Big Wells,City,Dimmit,,487,483,697,−30.70%
981,982,Alba,Town,Wood,,483,473,504,−6.15%
982,983,Smiley,City,Gonzales,,480,475,549,−13.48%
983,984,Gordon,City,Palo Pinto,,474,470,478,−1.67%
984,985,Plantersville[b],City,Grimes,,473,464,-,-
985,986,Hawk Cove,City,Hunt,,462,452,483,−6.42%
986,987,Texline,Town,Dallam,,460,448,507,−11.64%
987,988,Buffalo Springs,Village,Lubbock,,459,468,453,+3.31%
988,989,Lake City,Town,San Patricio,,458,447,509,−12.18%
989,990,Angus,City,Navarro,,457,444,414,+7.25%
990,990,Morgan,City,Bosque,,457,454,490,−7.35%
991,992,Evant,Town,Coryell,Hamilton,454,455,426,+6.81%
992,992,Kosse,Town,Limestone,,454,458,464,−1.29%
993,994,Byers,City,Clay,,453,454,496,−8.47%
994,994,Nome,City,Jefferson,,453,469,588,−20.24%
995,994,Union Grove,City,Upshur,,453,441,357,+23.53%
996,997,Creedmoor,City,Travis,,452,458,202,+126.73%
997,998,Bryson,City,Jack,,447,430,539,−20.22%
998,999,Timbercreek Canyon,Village,Randall,,445,430,418,+2.87%
999,1000,Wilson,City,Lynn,,444,434,489,−11.25%
1000,1001,Leary,City,Bowie,,439,433,495,−12.53%
1001,1002,DISH,Town,Denton,,437,437,201,+117.41%
1002,1003,Oglesby,City,Coryell,,434,441,484,−8.88%
1003,1004,Hallsburg,City,McLennan,,433,419,507,−17.36%
1004,1004,Smyer,Town,Hockley,,433,441,474,−6.96%
1005,1006,Retreat,Town,Navarro,,432,410,377,+8.75%
1006,1007,Avery,Town,Red River,,426,421,482,−12.66%
1007,1008,Winfield,City,Titus,,422,422,524,−19.47%
1008,1009,Scotland,City,Archer,,419,413,501,−17.56%
1009,1010,Bear Creek,Village,Hays,,418,397,382,+3.93%
1010,1010,Highland Haven,City,Burnet,,418,418,431,−3.02%
1011,1010,Oak Valley,Town,Navarro,,418,406,368,+10.33%
1012,1010,Ropesville,City,Hockley,,418,430,434,−0.92%
1013,1014,Webberville,Village,Travis,,416,394,392,+0.51%
1014,1015,Thornton,Town,Limestone,,415,421,526,−19.96%
1015,1016,Yantis,Town,Wood,,414,405,388,+4.38%
1016,1017,Mildred,Town,Navarro,,413,399,368,+8.42%
1017,1018,Lefors,Town,Gray,,412,420,497,−15.49%
1018,1019,Wickett,Town,Ward,,410,422,498,−15.26%
1019,1020,Kurten,Town,Brazos,,406,395,398,−0.75%
1020,1021,Dickens,City,Dickens,,404,219,286,−23.43%
1021,1022,Gustine,Town,Comanche,,402,392,476,−17.65%
1022,1022,South Mountain,Town,Coryell,,402,411,384,+7.03%
1023,1024,Balmorhea,City,Reeves,,398,408,479,−14.82%
1024,1024,Milano,City,Milam,,398,390,428,−8.88%
1025,1024,Union Valley,City,Hunt,,398,370,307,+20.52%
1026,1027,Stockton Bend,City,Hood,,397,380,305,+24.59%
1027,1027,Cross Timber,Town,Johnson,,397,362,268,+35.07%
1028,1029,Oakwood,Town,Leon,Freestone,394,389,510,−23.73%
1029,1029,Skellytown,Town,Carson,,394,394,473,−16.70%
1030,1031,San Patricio,City,San Patricio,Nueces,393,384,395,−2.78%
1031,1032,Alma,Town,Ellis,,392,373,331,+12.69%
1032,1033,Devers,City,Liberty,,389,361,447,−19.24%
1033,1034,Blum,Town,Hill,,388,383,444,−13.74%
1034,1035,Millsap,Town,Parker,,386,370,403,−8.19%
1035,1036,Dodd City,Town,Fannin,,380,369,369,
1036,1037,Avinger,Town,Cass,,373,371,444,−16.44%
1037,1038,Buckholts,Town,Milam,,372,365,515,−29.13%
1038,1039,Howardwick,City,Donley,,371,370,402,−7.96%
1039,1039,Whiteface,Town,Cochran,,371,375,449,−16.48%
1040,1041,Bedias,City,Grimes,,370,361,443,−18.51%
1041,1042,Blanket,Town,Brown,,369,369,390,−5.38%
1042,1042,Chireno,City,Nacogdoches,,369,370,386,−4.15%
1043,1044,Dell City,City,Hudspeth,,367,245,365,−32.88%
1044,1045,Follett,City,Lipscomb,,362,373,459,−18.74%
1045,1046,Huxley,City,Shelby,,359,361,385,−6.23%
1046,1047,Abbott,City,Hill,,357,352,356,−1.12%
1047,1048,Pleasant Valley,Town,Wichita,,356,357,336,+6.25%
1048,1049,Enchanted Oaks,Town,Henderson,,354,347,326,+6.44%
1049,1049,Leroy,City,McLennan,,354,354,337,+5.04%
1050,1051,Paint Rock,Town,Concho,,350,237,273,−13.19%
1051,1052,Coyote Flats[b],City,Johnson,,349,345,-,-
1052,1052,Edom,City,Van Zandt,,349,339,375,−9.60%
1053,1052,Lake Bridgeport,City,Wise,,349,339,340,−0.29%
1054,1055,Grays Prairie,Village,Kaufman,,347,325,337,−3.56%
1055,1055,Lakeside,Town,San Patricio,,347,338,312,+8.33%
1056,1055,Sanctuary,Town,Parker,,347,337,329,+2.43%
1057,1058,Higgins,City,Lipscomb,,345,356,397,−10.33%
1058,1059,Christine,Town,Atascosa,,344,337,390,−13.59%
1059,1059,Windthorst,Town,Archer,Clay,344,342,409,−16.38%
1060,1061,Kendleton,City,Fort Bend,,342,343,380,−9.74%
1061,1062,Gary City,City,Panola,,338,335,311,+7.72%
1062,1062,Scottsville,City,Harrison,,338,334,376,−11.17%
1063,1064,Sadler,City,Grayson,,337,336,343,−2.04%
1064,1065,New Home,City,Lynn,,335,326,334,−2.40%
1065,1066,Quitaque,City,Briscoe,,334,342,411,−16.79%
1066,1067,Leakey,City,Real,,333,315,425,−25.88%
1067,1067,Reklaw,City,Cherokee,Rusk,333,332,379,−12.40%
1068,1069,Grandfalls,Town,Ward,,330,340,360,−5.56%
1069,1069,Nordheim,City,DeWitt,,330,336,307,+9.45%
1070,1069,Rose City,City,Orange,,330,326,502,−35.06%
1071,1072,Rose Hill Acres,City,Hardin,,328,325,441,−26.30%
1072,1073,Tira,Town,Hopkins,,327,319,297,+7.41%
1073,1074,Gallatin,City,Cherokee,,326,321,419,−23.39%
1074,1074,Turkey,City,Hall,,326,317,421,−24.70%
1075,1076,Bloomburg,Town,Cass,,324,321,404,−20.54%
1076,1077,Iola,City,Grimes,,322,311,401,−22.44%
1077,1077,Rosser,Village,Kaufman,,322,301,332,−9.34%
1078,1079,Eureka,City,Navarro,,321,313,307,+1.95%
1079,1079,Warren City,City,Gregg,Upshur,321,319,298,+7.05%
1080,1081,Callisburg,City,Cooke,,320,321,353,−9.07%
1081,1082,Orchard,City,Fort Bend,,315,313,352,−11.08%
1082,1083,Lawn,Town,Taylor,,312,311,314,−0.96%
1083,1083,Nazareth,City,Castro,,312,310,311,−0.32%
1084,1085,Iredell,City,Bosque,,310,305,339,−10.03%
1085,1086,Darrouzett,Town,Lipscomb,,302,309,350,−11.71%
1086,1087,Weston,City,Collin,,299,283,563,−49.73%
1087,1088,Trent,Town,Taylor,,293,295,337,−12.46%
1088,1089,Coupland[b],City,Williamson,,290,289,-,-
1089,1089,Mount Calm,City,Hill,,290,282,320,−11.88%
1090,1091,Bellevue,City,Clay,,289,289,362,−20.17%
1091,1092,Cashion Community,City,Wichita,,288,286,348,−17.82%
1092,1092,Poynor,Town,Henderson,,288,287,305,−5.90%
1093,1094,Granjeno,City,Hidalgo,,287,283,293,−3.41%
1094,1095,Carbon,Town,Eastland,,286,281,272,+3.31%
1095,1095,Ellinger[a],City,Fayette,,286,-,-,-
1096,1097,Burton,City,Washington,,283,297,300,−1.00%
1097,1098,Cranfills Gap,City,Bosque,,282,277,281,−1.42%
1098,1099,Kennard,City,Houston,,280,272,337,−19.29%
1099,1100,Hedley,City,Donley,,278,275,329,−16.41%
1100,1100,Taylor Landing,City,Jefferson,,278,278,228,+21.93%
1101,1102,Chester,Town,Tyler,,277,270,312,−13.46%
1102,1103,Bayside,Town,Refugio,,275,275,325,−15.38%
1103,1103,Palisades,Village,Randall,,275,268,325,−17.54%
1104,1105,Industry,City,Austin,,273,268,304,−11.84%
1105,1106,Morgan's Point,City,Harris,,271,273,339,−19.47%
1106,1107,Covington,City,Hill,,270,261,269,−2.97%
1107,1108,Channing,City,Hartley,,266,281,363,−22.59%
1108,1109,Ackerly,City,Dawson,Martin,265,264,220,+20.00%
1109,1109,Richland,Town,Navarro,,265,255,264,−3.41%
1110,1111,Lueders,City,Jones,Shackelford,261,258,346,−25.43%
1111,1112,Progreso Lakes,City,Hidalgo,,259,257,240,+7.08%
1112,1112,Texhoma,City,Sherman,,259,258,346,−25.43%
1113,1114,Goodrich,City,Polk,,258,248,271,−8.49%
1114,1115,Barstow,City,Ward,,257,265,349,−24.07%
1115,1116,Streetman,Town,Freestone,Navarro,255,248,247,+0.40%
1116,1117,Blackwell,City,Nolan,Coke,254,258,311,−17.04%
1117,1118,Oak Ridge,Town,Cooke,,253,242,141,+71.63%
1118,1119,Ross,City,McLennan,,251,245,283,−13.43%
1119,1120,Richland Springs,Town,San Saba,,249,244,338,−27.81%
1120,1121,Rochester,Town,Haskell,,248,248,324,−23.46%
1121,1122,Fayetteville,City,Fayette,,246,246,258,−4.65%
1122,1122,North Cleveland,City,Liberty,,246,225,247,−8.91%
1123,1124,Carmine,City,Fayette,Washington,244,244,250,−2.40%
1124,1124,Coffee City,Town,Henderson,,244,249,278,−10.43%
1125,1126,Latexo,City,Houston,,242,232,322,−27.95%
1126,1127,Hays,City,Hays,,240,227,217,+4.61%
1127,1127,Malone,Town,Hill,,240,237,269,−11.90%
1128,1129,Moran,City,Shackelford,,236,226,270,−16.30%
1129,1130,Navarro,Town,Navarro,,235,232,210,+10.48%
1130,1131,Wixon Valley,City,Brazos,,232,228,254,−10.24%
1131,1132,Bailey,City,Fannin,,231,220,289,−23.88%
1132,1133,Mingus,City,Palo Pinto,,230,223,235,−5.11%
1133,1134,Woodson,Town,Throckmorton,,229,219,264,−17.05%
1134,1135,Goldsmith,City,Ector,,228,236,257,−8.17%
1135,1136,Tehuacana,Town,Limestone,,224,228,283,−19.43%
1136,1136,Wellman,City,Terry,,224,230,203,+13.30%
1137,1136,Westbrook,City,Mitchell,,224,201,253,−20.55%
1138,1139,Barry,City,Navarro,,223,220,242,−9.09%
1139,1140,Spring Branch[b],City,Comal,,221,206,-,-
1140,1141,Forsan,City,Howard,,219,225,210,+7.14%
1141,1142,Opdyke West,Town,Hockley,,217,220,174,+26.44%
1142,1143,Cool,City,Parker,,214,211,157,+34.39%
1143,1143,Roaring Springs,Town,Motley,,214,217,234,−7.26%
1144,1145,Douglassville,Town,Cass,,213,211,229,−7.86%
1145,1146,Sandy Point[b],City,Brazoria,,212,207,-,-
1146,1147,South Frydek[b],City,Austin,,210,207,-,-
1147,1148,Carl's Corner,Town,Hill,,209,201,173,+16.18%
1148,1149,Bishop Hills,Town,Potter,,207,211,193,+9.33%
1149,1150,Benjamin,City,Knox,,200,196,258,−24.03%
1150,1151,Windom,Town,Fannin,,196,189,199,−5.03%
1151,1152,Anderson,City,Grimes,,195,193,222,−13.06%
1152,1153,Cottonwood,City,Kaufman,,194,181,185,−2.16%
1153,1154,Emhouse,Town,Navarro,,192,187,133,+40.60%
1154,1155,La Ward,City,Jackson,,189,176,213,−17.37%
1155,1156,Caney City,Town,Henderson,,188,187,217,−13.82%
1156,1156,Staples,City,Guadalupe,,188,193,267,−27.72%
1157,1158,Broaddus,Town,San Augustine,,186,184,207,−11.11%
1158,1159,Midway,City,Madison,,184,173,228,−24.12%
1159,1159,Woodloch,Town,Montgomery,,184,186,207,−10.14%
1160,1161,Annona,Town,Red River,,183,184,315,−41.59%
1161,1161,Bonney,Village,Brazoria,,183,180,310,−41.94%
1162,1161,Ravenna,City,Fannin,,183,175,209,−16.27%
1163,1164,Marquez,City,Leon,,182,181,263,−31.18%
1164,1164,Penelope,Town,Hill,,182,180,198,−9.09%
1165,1166,Pecan Gap,City,Delta,Fannin,181,178,203,−12.32%
1166,1167,Goodlow,City,Navarro,,180,178,200,−11.00%
1167,1168,Megargel,Town,Archer,,177,174,203,−14.29%
1168,1169,Weinert,City,Haskell,,175,172,172,
1169,1170,Jolly,City,Clay,,173,172,172,
1170,1171,Bynum,Town,Hill,,172,171,199,−14.07%
1171,1172,Thompsons,Town,Fort Bend,,163,156,246,−36.59%
1172,1173,Goree,City,Knox,,162,158,203,−22.17%
1173,1174,Moore Station,City,Henderson,,159,160,201,−20.40%
1174,1175,Browndell,City,Jasper,,157,160,197,−18.78%
1175,1175,Leona,City,Leon,,157,151,175,−13.71%
1176,1177,Mertens,Town,Hill,,149,144,125,+15.20%
1177,1178,Mobile City,City,Rockwall,,145,142,188,−24.47%
1178,1179,Springlake,Town,Lamb,,140,145,108,+34.26%
1179,1180,Kingsbury[b],City,Guadalupe,,134,132,-,-
1180,1180,Sanford,Town,Hutchinson,,134,132,164,−19.51%
1181,1182,Mullin,Town,Mills,,131,130,179,−27.37%
1182,1183,Adrian,City,Oldham,,129,128,166,−22.89%
1183,1184,Estelline,Town,Hall,,124,121,145,−16.55%
1184,1184,Melvin,Town,McCulloch,,124,123,178,−30.90%
1185,1184,Todd Mission,City,Grimes,,124,121,107,+13.08%
1186,1187,Novice,City,Coleman,,121,122,139,−12.23%
1187,1188,Austwell,City,Refugio,,118,118,147,−19.73%
1188,1189,Cuney,Town,Cherokee,,113,116,140,−17.14%
1189,1189,Marietta,Town,Cass,,113,115,134,−14.18%
1190,1191,Valentine,Town,Jeff Davis,,108,73,134,−45.52%
1191,1192,Aquilla,City,Hill,,104,101,109,−7.34%
1192,1192,Round Mountain,Town,Blanco,,104,101,181,−44.20%
1193,1194,Kirvin,Town,Freestone,,103,101,129,−21.71%
1194,1195,Powell,Town,Navarro,,101,99,136,−27.21%
1195,1196,Round Top,Town,Fayette,,93,87,90,−3.33%
1196,1197,O'Brien,City,Haskell,,92,91,106,−14.15%
1197,1198,Dodson,Town,Collingsworth,,91,93,109,−14.68%
1198,1198,Toco,City,Lamar,,91,91,75,+21.33%
1199,1200,Uncertain,City,Harrison,,88,85,94,−9.57%
1200,1201,Petronila,City,Nueces,,87,89,113,−21.24%
1201,1202,Edmonson,Town,Hale,,86,86,111,−22.52%
1202,1202,Mobeetie,City,Wheeler,,86,87,101,−13.86%
1203,1204,Rocky Mound,Town,Camp,,83,78,75,+4.00%
1204,1205,Domino,Town,Cass,,74,71,93,−23.66%
1205,1206,Miller's Cove,Town,Titus,,72,71,149,−52.35%
1206,1206,Pyote,Town,Ward,,72,72,114,−36.84%
1207,1208,Sun Valley,City,Lamar,,71,70,69,+1.45%
1208,1209,Dorchester,City,Grayson,,69,69,148,−53.38%
1209,1209,Seven Oaks,City,Polk,,69,68,111,−38.74%
1210,1211,Neylandville,Town,Hunt,,68,67,97,−30.93%
1211,1212,Putnam,Town,Callahan,,65,63,94,−32.98%
1212,1213,Toyah,Town,Reeves,,61,61,90,−32.22%
1213,1214,Lakeview,Town,Hall,,60,60,107,−43.93%
1214,1215,Dayton Lakes,City,Liberty,,50,45,93,−51.61%
1215,1216,Spofford,City,Kinney,,47,41,95,−56.84%
1216,1217,Draper,Town,Denton,,36,33,27,+22.22%
1217,1218,Quintana,Town,Brazoria,,25,26,56,−53.57%
1218,1219,Los Ybanez,City,Dawson,,22,28,19,+47.37%
1219,1220,Impact,Town,Taylor,,20,22,35,−37.14%
1220,1221,Mustang,Town,Navarro,,0,0,21,−100.00%
1221,"Total of 1,221 municipalities[c]","Total of 1,221 municipalities[c]","Total of 1,221 municipalities[c]",254 Counties,254 Counties,21328002,21096153,18506825,+13.99%
1222,Population of the State of Texas[2],Population of the State of Texas[2],Population of the State of Texas[2],254 Counties,254 Counties,29527941,29145505,25145561,+15.91%
